{"cameraMode":{"drawMode":0,"name":"Shaded","section":"Shading Mode"},"sceneLighting":true,"audioPlay":false,"sceneViewState":{"m_AlwaysRefresh":false,"showFog":true,"showSkybox":true,"showFlares":true,"showImageEffects":true,"showParticleSystems":true,"showVisualEffectGraphs":true,"m_FxEnabled":true},"in2DMode":false,"pivot":{"x":-7.1167755126953129,"y":0.9519007205963135,"z":1.8595600128173829},"rotation":{"x":0.14767974615097047,"y":-0.3599705696105957,"z":0.057956643402576449,"w":0.9194267392158508},"size":14.19471549987793,"orthographic":false}