{"cameraMode":{"drawMode":0,"name":"Shaded","section":"Shading Mode"},"sceneLighting":false,"audioPlay":false,"sceneViewState":{"m_AlwaysRefresh":false,"showFog":true,"showSkybox":false,"showFlares":true,"showImageEffects":true,"showParticleSystems":true,"showVisualEffectGraphs":true,"m_FxEnabled":true},"in2DMode":false,"pivot":{"x":2.9765729904174806,"y":-0.10954594612121582,"z":0.7883932590484619},"rotation":{"x":0.07444588094949722,"y":0.598844051361084,"z":-0.056033745408058169,"w":0.7954537272453308},"size":3.1822562217712404,"orthographic":false}