{"cameraMode":{"drawMode":0,"name":"Shaded","section":"Shading Mode"},"sceneLighting":false,"audioPlay":false,"sceneViewState":{"m_AlwaysRefresh":false,"showFog":true,"showSkybox":false,"showFlares":true,"showImageEffects":true,"showParticleSystems":true,"showVisualEffectGraphs":true,"m_FxEnabled":true},"in2DMode":false,"pivot":{"x":3.468782424926758,"y":1.065816879272461,"z":-0.6944743394851685},"rotation":{"x":-0.03072076477110386,"y":0.7017926573753357,"z":0.030339617282152177,"w":0.7111009359359741},"size":3.1822562217712404,"orthographic":false}